Company, Designation, Address, Salary, Ratings 
Medinovix, Software Engineer (Fresher), India, Not Mention, NAN
ITLPro Solutions, Fresher Engineer, Pune - Maharashtra, Not Mention, NAN
Olive Technology, Software Engineer, Pune - Maharashtra, ₹40 -000 - ₹57 -000 a month, 4.4
Nanu India, Hiring For Admin/Management/Medical/Finance/Engineer Fresher, Udaipur - Rajasthan, Not Mention, NAN
Kaizen IT Services Pvt Ltd, Computer Hardware Engineer, Pune - Maharashtra, ₹10 -000 - ₹12 -500 a year, 3.7
Hungama Jobs, Service Engineer, Narsimhapur - Madhya Pradesh, Not Mention, NAN
Niflr Technologies Private Limited, Computer Vision Internship, Bengaluru - Karnataka, Not Mention, NAN
Ninos IT Solution, SOFTWARE ENGINEER - FRESHER, India, Not Mention, NAN
Softcore Infotech, + Computer Hardware Networking Engineer, New Delhi - Delhi, Not Mention, NAN
Nexus Automations, Hardware & Networking Engineer, Mumbai - Maharashtra, Not Mention, NAN
CrossAsyst, QA Engineer (Fresher/Entry Level), Mumbai - Maharashtra, Not Mention, NAN
Comorin Consulting Services India Pvt Ltd, Software Engineer - Fresher, Vadaserry - Tamil Nadu, Not Mention, NAN
CloudTara Technologies Pvt Ltd, Software Engineer, Bengaluru - Karnataka, Not Mention, NAN
Nanu India, Fresher Engineer Btech/BE/Diploma Any Stream, Salem - Tamil Nadu, Not Mention, NAN
Flair Minds, Trainee Engineer (software Developer Fresher), Baner - Pune - Maharashtra, Not Mention, NAN
Nanu India, Fresher Junior Engineer (Construction), Ahmedabad - Gujarat, Not Mention, NAN
WeSucceed Solutions, Software Developer - Fresher, Bengaluru - Karnataka, Not Mention, NAN
Indus OS, QA Test Engineer-Fresher, Mumbai - Maharashtra, Not Mention, NAN
OnceHub, QA Engineer, Gurgaon - Haryana, Not Mention, NAN
Cadworks India pvt Ltd, CAD Design Engineer Fresher, Noida - Uttar Pradesh, Not Mention, NAN
BHARAT ELECTRICAL CONTRACTORS & MANUFACTURERS, Billing Engineer, Maharashtra, Not Mention, NAN
Yatnam, Software Engineer (Fresher), Kochi - Kerala, Not Mention, NAN
Nanu India, Fresher Hardware & Networking Engineer- Apply Now, Tiruchchirappalli - Tamil Nadu, Not Mention, NAN
AINE AI Info Tech Pvt Ltd, Software Engineer (Software Developer), Remote, Not Mention, NAN
Vegas Consulting, QMS Engineer, Coimbatore - Tamil Nadu, Not Mention, NAN
Technousa, Hardware and Network Engineer, Delhi - Delhi, Not Mention, NAN
IODevOps Services Incorporated, Power Electronics Engineering Internship, Hyderabad - Telangana, Not Mention, NAN
Vorrowtech, Trainee Software Engineers [Fresher], Lucknow - Uttar Pradesh, Not Mention, NAN
Big Vision LLC, Computer Vision Internship, Bengaluru - Karnataka, Not Mention, NAN
NIJ LTD., Desktop Support Engineer Freshers Apply Now, Gurgaon - Haryana, Not Mention, NAN
NUVENTO SYSTEMS P LTD, Junior Software Engineer, Kochi - Kerala, Not Mention, NAN
COFA Studio - Multimedia Agency, Office Admin Assistant, Nashik - Maharashtra, Not Mention, NAN
AaptTeknoUS, Desktop Engineer, Goregaon - Mumbai - Maharashtra, Not Mention, NAN
NIJ LTD., Junior Engineer B. Tech/BE/Diploma Freshers Apply Now, Pathankot - Punjab, Not Mention, NAN
XL Dynamics India, Application Support Engineer, Navi Mumbai - Maharashtra, ₹3 -00 -000 - ₹6 -00 -000 a year, 2.8
Whatfix, Front End Solutions Engineer ( Freshers ), Bengaluru - Karnataka, Not Mention, NAN
Skizzle Labs Private Limited, Graduate Engineer Trainee, Kochi - Kerala, Not Mention, NAN
Karan IT Solutions, Technical Engineer - Computer Hardware Engineer - Support Engi..., Bengaluru - Karnataka, Not Mention, NAN
Appquarterz, Software Test Engineer, Faridabad - Haryana, Not Mention, NAN
NIJ LTD., Apply Now Biomedical & Science Graduate Freshers, Belgaum - Karnataka, Not Mention, NAN
VM3 Tech Solutions, Network Engineer, Pune - Maharashtra, Not Mention, NAN
Elpis Systems, Software Engineer –Trainee / Fresher, Bengaluru - Karnataka, Not Mention, NAN
Magnon India, Interior Design part time job/internship at Bangalore, Bengaluru - Karnataka, Not Mention, NAN
Nanu India, EPC Engineering jobs - Site Fabrication Engineer, Surat - Gujarat, Not Mention, NAN
Veena World, Junior Software Test Engineer, Mumbai - Maharashtra, Not Mention, NAN
Allerin Tech Private Limited, Trainee Test Engineer - Freshers welcome, Navi Mumbai - Maharashtra, Not Mention, NAN
Lincoln Tech, Software Engineer (Fresher), Hyderabad - Telangana, Not Mention, NAN
mycityrajkot, Trainee Engineer - Production, Rajkot - Gujarat, Not Mention, NAN
RB Infosystems, Junior Software Engineer, Faridabad - Haryana, Not Mention, NAN
Crashmeal, IT Automation Testing Specialist - Fresher, Hyderabad - Telangana, Not Mention, NAN
GREENE DIESELS AND ENGINEERS, Computer Assistant, Ernakulam - Kerala, Not Mention, NAN
Indiafirstrobotics, Drone/UAV Engineer, Pune - Maharashtra, Not Mention, NAN
Yesventive IT Labs Pvt Ltd, IT Software Tester (QA) - Fresher | Male, Noida - Uttar Pradesh, Not Mention, NAN
Nanu India, Opening For Desktop Support Engineer, Visakhapatnam - Andhra Pradesh, Not Mention, NAN
Nanu India, Hiring Jr Technical Engineers | On Roll, Hyderabad - Telangana, Not Mention, NAN
Nanu India, Be(Electronics Communication Engineering) Fresher/Experience..., Chennai - Tamil Nadu, Not Mention, NAN
Brick.co.in, Fresher Engineer 20 Passout Any Stream, Noida - Uttar Pradesh, Not Mention, NAN
Kaizen Estimating Services, Jr Estimator, Pune - Maharashtra, Not Mention, NAN
DXC, Technical Support Engineer - IT Help desk, Bengaluru - Karnataka, Not Mention, NAN
All Wave AV Systems Pvt Ltd, Design Engineer, Mumbai - Maharashtra, Not Mention, NAN
Magnitude, Associate Software Engineer, Surat - Gujarat, Not Mention, NAN
Addteq, Entry Level - Linux, Pune - Maharashtra, Not Mention, NAN
NIJ LTD., Diploma Holders Freshers- Apply Now, India, Not Mention, NAN
Knowledge Sprint Technologies, DevOps Engineer - Jenkins, Hyderabad - Telangana, Not Mention, NAN
vaibhav tech solutions, Sales Engineer, Pune - Maharashtra, Not Mention, NAN
Institutional Shareholder Services Inc, Quality Assurance Engineer, Mumbai - Maharashtra, Not Mention, NAN
Brick.co.in, Fresher Assistance Engineer 19/20 Passout, Delhi - Delhi, Not Mention, NAN
Just Tech Solutions, Hardware Engineer, Mumbai - Maharashtra, Not Mention, NAN
Sujata Computers, Desktop & Networking Support Engineer, Pune - Maharashtra, Not Mention, NAN
eTeam Infoservices Pvt. Ltd., Tech support Engineer-International Voice Process(Fresher to..., Bengaluru - Karnataka, ₹24 -300 a month, 3.8
Lorem Figulas, Engineer Trainee, Noida - Uttar Pradesh, Not Mention, NAN
Pactera Technologies India Private Limited, Opening for 2018-2019-2020 Freshers :: Junior Data Service E..., Hyderabad - Telangana, Not Mention, NAN
Ride Softech Solutions, Associate Software Engineer, Chinchwad - Pune - Maharashtra, Not Mention, NAN
Buybackmart, Hardware Engineer, Mumbai - Maharashtra, Not Mention, NAN
eLayers, QA Engineer, Ahmedabad - Gujarat, Not Mention, NAN
GREENLEAP ROBOTICS PVT. LTD., Electronics Technician, Sonipat - Haryana, Not Mention, NAN
Nanu India, Fresher Btech/Be/Diploma Assistance Engineer, Bengaluru - Karnataka, Not Mention, NAN
Saasapp Software, Support Engineer, Mohali - Punjab, Not Mention, NAN
New Global Technologies, Technical Engineer - Computer Hardware Engineer - Support Engi..., Ahmedabad - Gujarat, Not Mention, NAN
sisnolabs, Software Trainee / Internship Jobs, Nagpur - Maharashtra, Not Mention, NAN
KAT-i Research, Web Research - Telephone Research Associate / Executives, Salt Lake City - West Bengal, Not Mention, NAN
Digiswitch Infotech Private Limited, Information Technology Internship, Patna - Bihar, Not Mention, NAN
Unified Cloud, Software Development Engineer – Freshers, Noida - Uttar Pradesh, Not Mention, NAN
NIJ LTD., Automation Test Engineer - Java/ Selenium, Hyderabad - Telangana, Not Mention, NAN
Sujata Computers, Sales Engineer | Firewall, Pune - Maharashtra, Not Mention, NAN
Nuvento systems, Monitoring Engineer, Kochi - Kerala, Not Mention, NAN
Nanu India, Hiring For Trainee Software Tester - Fresher Apply, Gulbarga - Karnataka, Not Mention, NAN
Zencode, Trainee Engineer, Chennai - Tamil Nadu, Not Mention, NAN
Elivotech Solutions Private Limited, Test Automation Engineer, Pune - Maharashtra, Not Mention, NAN
Alertcom Labs Pvt Ltd, Embedded System Engineers, India, Not Mention, NAN
Brick.co.in, Fresher Engineer, Delhi - Delhi, Not Mention, NAN
NCS SoftSolutions, Software Testing Engineer, Chennai - Tamil Nadu, Not Mention, NAN
Zerowav, Software Engineer, Pune - Maharashtra, Not Mention, NAN
ColoredCow, Software Developer (Fresher), Gurgaon - Haryana, Not Mention, NAN
Bigtree Vision Management Company, computer harware networking engineer, Rajkot - Gujarat, Not Mention, NAN
L&T Group, Join Direct For Management & Jr Engineer, Jaipur - Rajasthan, Not Mention, NAN
Brick.co.in, Maintenance Engineer Fresher Mechanical / Electrical, Delhi - Delhi, Not Mention, NAN
Tech Kshetra, PHP Interns, Kerala, Not Mention, NAN
Craftsvilla Private Limited, Web Development Internship, Mumbai - Maharashtra, Not Mention, NAN
Electrocom Technology, Required R & D Engineer, Ahmedabad - Gujarat, Not Mention, NAN
Quest Innovative Solutions, JUNIOR EMBEDDED SYSTEMS ENGINEER, Kochi - Kerala, Not Mention, NAN
CIAR Software Solutions, Technical Support Engineer, Chennai - Tamil Nadu, Not Mention, NAN
Brick.co.in, Network Engineer, Bengaluru - Karnataka, Not Mention, NAN
Ecphasis Infotech, SOFTWARE ENGINEER - FRESHER, Chennai - Tamil Nadu, Not Mention, NAN
Techyuga, Chip Level Smartphone Engineer, Kolkata - West Bengal, Not Mention, NAN
Ambetronics Engineers, Computer Operator / Back Office Coordinator., Andheri - Mumbai - Maharashtra, Not Mention, NAN
Softnet World, DevOps Engineer, Wagholi - Pune - Maharashtra, Not Mention, NAN
Vasundhara Vision, QA Tester, Surat - Gujarat, Not Mention, NAN
TNPL Karur, [Government] TNPL Karur Feb-2020, India, Not Mention, NAN
Best Caliber Creator, Software Engineer openings for freshers, Chennai - Tamil Nadu, Not Mention, NAN
Sampoorna Computer People, Fresher-Cloud Support, Pune - Maharashtra, Not Mention, NAN
Windowmaker Software, Software Service Engineer, Vadodara - Gujarat, Not Mention, NAN
Always best, Computer Hardware & Netwoking, Rajkot - Gujarat, Not Mention, NAN
Techyuga, Chip Level Laptop Engineer, Kolkata - West Bengal, Not Mention, NAN
US Technosoft, Software Support Engineer, Ram Nagar - Delhi, Not Mention, NAN
Efftronics Systems, Software Engineer, Vijayawada - Andhra Pradesh, Not Mention, NAN
Brick.co.in, Hardware & Networking Engineer Jobs in Delhi For Freshers, Delhi - Delhi, Not Mention, NAN
Newscape Consulting, Trainee: Pre-sales, Bavdhan - Pune - Maharashtra, Not Mention, NAN
Always best, Electrical Engineer, Rajkot - Gujarat, Not Mention, NAN
Bloom Consulting Services, Desktop Support Engineer, Bengaluru - Karnataka, Not Mention, NAN
Right Fit Resources, Hiring for Technical Support Engineer, Bhubaneshwar - Orissa, Not Mention, NAN
VAYUZ Technologies Private Limited, Flutter Development Internship, Delhi - Delhi, Not Mention, NAN
TechEra IT Consulting Private Limited, Hiring Freshers For Software Engineers ( Scheduled Interview..., Bengaluru - Karnataka, Not Mention, NAN
Sampoorna Computer People, Fresher-Devops Engineer, Pune - Maharashtra, Not Mention, NAN
Quest Innovative Solutions, JUNIOR SOFTWARE ENGINEER (JAVA), Kochi - Kerala, Not Mention, NAN
TotalCloud Incorporation, Software Testing Internship, Bengaluru - Karnataka, Not Mention, NAN
Sai Sectretarial Services, Network Engineer, Chennai - Tamil Nadu, Not Mention, NAN
Bhatia Consultancy Services, Electrical Engineer, India, Not Mention, NAN
3i Infotech Limited, Desktop Engineer, Mumbai - Maharashtra, ₹1 -00 -000 - ₹2 -00 -000 a year, 3.7
Nanu India, Patent/ IP Engineer- Apply Now, Hyderabad - Telangana, Not Mention, NAN
Quest Innovative Solutions, JUNIOR SOFTWARE ENGINEER (PHP / MYSQL), Kochi - Kerala, Not Mention, NAN
DailyCADCAM, Job : Sr.Engineer - PCB Design, Pune - Maharashtra, Not Mention, NAN
4C Consulting, IT Support Engineer, Ahmedabad - Gujarat, Not Mention, NAN
Transasia, Intern, Mumbai - Maharashtra, Not Mention, NAN
Myraa Technologies, Full Stack Engineer, Mangalore - Karnataka, Not Mention, NAN
VR AR MR, 3D Animation Internship, Faridabad - Haryana, Not Mention, NAN
Besten Engineers & Consultants India Private Limit..., Technical Trainee, Chennai - Tamil Nadu, Not Mention, NAN
Rajsri Computers, Security System Engineer (CCTV Technician), Pollachi - Tamil Nadu, Not Mention, NAN
Niflr Technologies Private Limited, Mobile App Development Internship, Bengaluru - Karnataka, Not Mention, NAN
Enterprise Computer Solutions, Field Service Engineer, Chandigarh - Chandigarh, Not Mention, NAN
Enterprise Computer Solutions, Field Service Engineer, Chandigarh - Chandigarh, Not Mention, NAN
Helical IT, Freshers BI Developer and Support, Hyderabad - Telangana, Not Mention, NAN
Enterprise Computer Solutions, IT Field Service Engineer, Mohali - Punjab, Not Mention, NAN
Brick.co.in, Trainee Software Tester - Fresher, Noida - Uttar Pradesh, Not Mention, NAN
Nanu India, Freshers Pharmacy - Biomedical & Science Graduate - Pharma Co..., Chennai - Tamil Nadu, Not Mention, NAN
ivcgroup, Visa Counselor, Vadodara - Gujarat, Not Mention, NAN
Pine Training Academy, Technical Marketing Engineer, Noida - Uttar Pradesh, Not Mention, NAN
Dorle controls, Lead Engineer – Controls Software, India, Not Mention, NAN
GetSet, Java Software Engineer (JSE), Hyderabad - Telangana, Not Mention, NAN
Turaco Mobile, Software Engineer, Bengaluru - Karnataka, Not Mention, NAN
Brick.co.in, Fresher Assistance Engineer Btech/BE/Diploma Any Stream, Delhi - Delhi, Not Mention, NAN
Brick.co.in, Diploma/ B. tech/BE. Freshers Engineer, Delhi - Delhi, Not Mention, NAN
Pricebaba, SDE-1 (Experience 1-2 Yrs), Mumbai - Maharashtra, Not Mention, NAN
Boosters Edutech Private Limited, Mobile App Development Internship, Noida - Uttar Pradesh, Not Mention, NAN
Brick.co.in, Freshers Pharmacy - Biomedical & Science Graduate Trainer, Bengaluru - Karnataka, Not Mention, NAN
I Way solutions, Quality & Production Engineer, Chandigarh - Chandigarh, Not Mention, NAN
Perfect Solution Group, Electrical Engineer, Gurgaon - Haryana, Not Mention, NAN
Manav Management Group, Manav Management Group, Delhi - Delhi, Not Mention, NAN
Zion Computers, Service Delivery Engineers, New Delhi - Delhi, Not Mention, NAN
Indian Robo Store, Image Processing Internship, Delhi - Delhi, Not Mention, NAN
Virtusa, Software Engineer-Java, Chennai - Tamil Nadu, Not Mention, NAN
Rudr Consultancy Services, Jr. Trainee Engineer, Udaipur - Rajasthan, Not Mention, NAN
Perfect Solution Group, Candidates For Mechanical Engineer, Delhi - Delhi, Not Mention, NAN
Electrocom Technology, Required Production Technician / Engineer, Ahmedabad - Gujarat, Not Mention, NAN
Brick.co.in, Trainee Software Engineer / Software Developer, Ahmedabad - Gujarat, Not Mention, NAN
AMCAT, Associate Software Engineer, Bengaluru - Karnataka, Not Mention, NAN
Bloom Consulting Services, Product Engineer, Bengaluru - Karnataka, Not Mention, NAN
Brick.co.in, Hiring for Pharmacy - Biomedical & Science Graduate - Fresher..., Ahmedabad - Gujarat, Not Mention, NAN
S7works, Python Development Internship, Secunderabad - Telangana, Not Mention, NAN
Quick Xpert Infotech, Java Freshers Required, Mumbai - Maharashtra, Not Mention, NAN
Pub Broadcasting Network Services, Backend Developer, Koramangala - Bengaluru - Karnataka, Not Mention, NAN
Bharti HR, Civil Engineer jobs in Lucknow - 6204655013, Lucknow - Uttar Pradesh, Not Mention, NAN
Assured Job Consultancy, Mechanical -Electrical -Electronics -Computer Lecturer, Bhubaneshwar - Orissa, Not Mention, NAN
Techno tackle software solution, Angular, Coimbatore - Tamil Nadu, Not Mention, NAN
Brick.co.in, Opening For ITI & Diploma Engineer, Ahmedabad - Gujarat, Not Mention, NAN
GetSet, Responsibilities:, Hyderabad - Telangana, Not Mention, NAN
Brick.co.in, Urgent Opening For Software Engineer || Bangalore, Bengaluru - Karnataka, Not Mention, NAN
VManpower Service, Service Engineer, Mumbai - Maharashtra, Not Mention, NAN
Brick.co.in, Pharmacy - Biomedical & Science Graduate -Freshers - For Phar..., Noida - Uttar Pradesh, Not Mention, NAN
GetSet, Job Role:, Hyderabad - Telangana, Not Mention, NAN
PUBBURPS, Backend Developer, Kormangala - Karnataka, Not Mention, NAN
Nanu India, Software Engineer Trainee / Software Developer- Apply Now, Jaipur - Rajasthan, Not Mention, NAN
Besten Engineers & Consultants India Private Limit..., Office Assistant, Vadapalani - Chennai - Tamil Nadu, Not Mention, NAN
SkillLiner, Technical Support Engineer, Pune - Maharashtra, Not Mention, NAN
Placement Planet, Hardware Networking Engineer, Ahmedabad - Gujarat, Not Mention, NAN
Shiva Clicksoft, Computer Engineers (Php Programmer), Deoghar - Jharkhand, Not Mention, NAN
Unique World, Hardware and Network Engineer in IT Company at Surat, Surat - Gujarat, Not Mention, NAN
ALISHA NSTRUMENTS, FEMALE ENGINEER, Mohali - Punjab, Not Mention, NAN
WEB WIZ n BIZ, App Developer, Vadodara - Gujarat, Not Mention, NAN
Brick.co.in, Hiring for Site Engineer - Civil Work, Bengaluru - Karnataka, Not Mention, NAN
Brick.co.in, Medical Coding Fresher Jobs For Nutrition & Dietetics - Dieti..., Delhi - Delhi, Not Mention, NAN
iPowerFour, Technical and Process Consultant, Hyderabad - Telangana, Not Mention, NAN
SociAlert.in, Software Design Engineer, Gurgaon - Haryana, Not Mention, NAN
Sykes & Ray Equities India Limited, Software Engineer, Mumbai - Maharashtra, Not Mention, NAN
Edu masters placement services, Hardware engineer, Mumbai - Maharashtra, Not Mention, NAN
Parkzap Labs, Android App Development Internship, Gurgaon - Haryana, Not Mention, NAN
smart4talent, Technical Support Engineer, Moti Nagar - Delhi, Not Mention, NAN
Placement Planet, Mca / Be (it) / Computer Engineer, Ahmedabad - Gujarat, Not Mention, NAN
PUBBURPS, Android Application Developer, Kormangala - Karnataka, Not Mention, NAN
Brick.co.in, Dipoma BE/Btech Fresher Any Stream, Ahmedabad - Gujarat, Not Mention, NAN
Right Step Consulting, Electronics Jobs In Noida – Project Engineer, Delhi - Delhi, Not Mention, NAN
GetSet, Requirements:, Hyderabad - Telangana, Not Mention, NAN
Samyak Infotech, Software Engineer(ASP.Net-MVC), Ahmedabad - Gujarat, Not Mention, NAN
GITS Academy, Hybrid Mobile developer - Technology - Angular - Ionic - css3 -..., Bengaluru - Karnataka, Not Mention, NAN
S7works, Mobile App Development part time job/internship at Secundera..., Secunderabad - Telangana, Not Mention, NAN
Rudr Consultancy Services, Hardware Networking Engineer, Udaipur - Rajasthan, Not Mention, NAN
Upvote Consulting Services Private Limited, Java Developer and Freshers | Hyderabad | Immediate Joinee, Mumbai - Maharashtra, Not Mention, NAN
Pub Broadcasting Network Services, Android Application Developer, Koramangala - Bengaluru - Karnataka, Not Mention, NAN
Cilans System, BUSINESS DEVELOPMENT EXECUTIVE, Ahmedabad - Gujarat, Not Mention, NAN
Electrocom Technology, Required Sales & Service Engineer, Ahmedabad - Gujarat, Not Mention, NAN
S7works, Web Development Internship, Secunderabad - Telangana, Not Mention, NAN
Always best, Web Devloper, Rajkot - Gujarat, Not Mention, NAN
Wattmonk Technologies Private Limited, Node.js Development Internship, Delhi - Delhi, Not Mention, NAN
HR Inc Consultants, Application Packaging Engineer (Non IT Jobs), Chennai - Tamil Nadu, Not Mention, NAN
ThingsGoSocial, Industrial Designer (Product) Internship, Delhi - Delhi, Not Mention, NAN
Qurious Click - Digital Agency, iOS Developer, Ahmedabad - Gujarat, Not Mention, NAN
Elivotech Solutions Private Limited, Technical project leader, Pune - Maharashtra, Not Mention, NAN
Bloom Consulting Services, Full Stack Engineer Backend, Bengaluru - Karnataka, Not Mention, NAN
vuykont, Android Developer, Pune - Maharashtra, Not Mention, NAN
Brick.co.in, Openings 2016 Onwards Passed out Engineering and MCA Graduat..., Ahmedabad - Gujarat, Not Mention, NAN
LIBRATHERM INSTRUMENTS PVT. LTD., Node js developer, Dahisar - Mumbai - Maharashtra, Not Mention, NAN
Intelact Business Solutions, Android Developer, Mumbai - Maharashtra, Not Mention, NAN
Dewelopers, iOS Developer, New Delhi - Delhi, Not Mention, NAN
Fastlink Consultancy Services, ONLINE CUSTOMER SUPPORT ENGINEER (FEMALE), Ernakulam - Kerala, Not Mention, NAN
Shreejob, DESIGNER ENGINEER 1 POST (FEMALE), Raipur - Chhattisgarh, Not Mention, NAN
Vasundhara Vision, Android Developer, Surat - Gujarat, Not Mention, NAN
Luminous Solutions, iOS Developer, Chennai - Tamil Nadu, Not Mention, NAN
HR Inc Consultants, Network Engineer (IT Jobs), Bengaluru - Karnataka, Not Mention, NAN
Medyhealth Technologies Private Limited, Web Developer Trainee, Mohali - Punjab, Not Mention, NAN
Bhatia Consultancy Services, Visa Filling Officer, Ludhiana - Punjab, Not Mention, NAN
Bhatia Consultancy Services, Visa Filling Officer, Ludhiana - Punjab, Not Mention, NAN
Dewelopers, Android Developer, New Delhi - Delhi, Not Mention, NAN
Personal network, URGENT OPENINGS FOR CUSTOMER SUPPORT REPRESENTATIVE IN BANGA..., Bengaluru - Karnataka, Not Mention, NAN
Crypto Mize, iOS Developer, Delhi - Delhi, Not Mention, NAN
Anthesis Technologies, PHP/WORDPRESS DEVELOPER, Gujarat, Not Mention, NAN
Anthesis Technologies, ANDROID DEVELOPER, Gujarat, Not Mention, NAN
Techno tackle software solution, iOS Developer, Coimbatore - Tamil Nadu, Not Mention, NAN
Optimumbrew Technology, iOS Developer (0.6 to 1 yr) 4 post, Surat - Gujarat, ₹10 -000 - ₹15 -000 a month, 4.9
Personal network, Freshers Bpo Customer Service Voice Process, Bengaluru - Karnataka, Not Mention, NAN
Bloom Consulting Services, PHP Developer, Pune - Maharashtra, Not Mention, NAN
NAN, ECIL Recruitment for 28 Technical Officers 2019 - Engineerin..., India, Not Mention, NAN
Minda Silca, Field Sales Executives And Marketing Paper Collection Work, Saket - Delhi - Delhi, Not Mention, NAN
Bhatia Consultancy Services, Visa Filling Officer, Ludhiana - Punjab, Not Mention, NAN
Dewelopers, Android Developer, New Delhi - Delhi, Not Mention, NAN
Personal network, URGENT OPENINGS FOR CUSTOMER SUPPORT REPRESENTATIVE IN BANGA..., Bengaluru - Karnataka, Not Mention, NAN
Crypto Mize, iOS Developer, Delhi - Delhi, Not Mention, NAN
Anthesis Technologies, PHP/WORDPRESS DEVELOPER, Gujarat, Not Mention, NAN
Anthesis Technologies, ANDROID DEVELOPER, Gujarat, Not Mention, NAN
Techno tackle software solution, iOS Developer, Coimbatore - Tamil Nadu, Not Mention, NAN
Optimumbrew Technology, iOS Developer (0.6 to 1 yr) 4 post, Surat - Gujarat, ₹10 -000 - ₹15 -000 a month, 4.9
Personal network, Freshers Bpo Customer Service Voice Process, Bengaluru - Karnataka, Not Mention, NAN
Bloom Consulting Services, PHP Developer, Pune - Maharashtra, Not Mention, NAN
Placement Planet, iOS Developer, Ahmedabad - Gujarat, Not Mention, NAN
NAN, ECIL Recruitment for 28 Technical Officers 2019 - Engineerin..., India, Not Mention, NAN
Minda Silca, Field Sales Executives And Marketing Paper Collection Work, Saket - Delhi - Delhi, Not Mention, NAN
Dewelopers, Android Developer, New Delhi - Delhi, Not Mention, NAN
Personal network, URGENT OPENINGS FOR CUSTOMER SUPPORT REPRESENTATIVE IN BANGA..., Bengaluru - Karnataka, Not Mention, NAN
Crypto Mize, iOS Developer, Delhi - Delhi, Not Mention, NAN
Anthesis Technologies, PHP/WORDPRESS DEVELOPER, Gujarat, Not Mention, NAN
Anthesis Technologies, ANDROID DEVELOPER, Gujarat, Not Mention, NAN
Techno tackle software solution, iOS Developer, Coimbatore - Tamil Nadu, Not Mention, NAN
Optimumbrew Technology, iOS Developer (0.6 to 1 yr) 4 post, Surat - Gujarat, ₹10 -000 - ₹15 -000 a month, 4.9
Personal network, Freshers Bpo Customer Service Voice Process, Bengaluru - Karnataka, Not Mention, NAN
Bloom Consulting Services, PHP Developer, Pune - Maharashtra, Not Mention, NAN
Placement Planet, iOS Developer, Ahmedabad - Gujarat, Not Mention, NAN
NAN, ECIL Recruitment for 28 Technical Officers 2019 - Engineerin..., India, Not Mention, NAN
Minda Silca, Field Sales Executives And Marketing Paper Collection Work, Saket - Delhi - Delhi, Not Mention, NAN
Bhatia Consultancy Services, Visa Filling Officer, Ludhiana - Punjab, Not Mention, NAN
Dewelopers, Android Developer, New Delhi - Delhi, Not Mention, NAN
Personal network, URGENT OPENINGS FOR CUSTOMER SUPPORT REPRESENTATIVE IN BANGA..., Bengaluru - Karnataka, Not Mention, NAN
Crypto Mize, iOS Developer, Delhi - Delhi, Not Mention, NAN
Anthesis Technologies, PHP/WORDPRESS DEVELOPER, Gujarat, Not Mention, NAN
Anthesis Technologies, ANDROID DEVELOPER, Gujarat, Not Mention, NAN
Techno tackle software solution, iOS Developer, Coimbatore - Tamil Nadu, Not Mention, NAN
Optimumbrew Technology, iOS Developer (0.6 to 1 yr) 4 post, Surat - Gujarat, ₹10 -000 - ₹15 -000 a month, 4.9
Personal network, Freshers Bpo Customer Service Voice Process, Bengaluru - Karnataka, Not Mention, NAN
Bloom Consulting Services, PHP Developer, Pune - Maharashtra, Not Mention, NAN
Placement Planet, iOS Developer, Ahmedabad - Gujarat, Not Mention, NAN
NAN, ECIL Recruitment for 28 Technical Officers 2019 - Engineerin..., India, Not Mention, NAN
Minda Silca, Field Sales Executives And Marketing Paper Collection Work, Saket - Delhi - Delhi, Not Mention, NAN
Bhatia Consultancy Services, Visa Filling Officer, Ludhiana - Punjab, Not Mention, NAN
Dewelopers, Android Developer, New Delhi - Delhi, Not Mention, NAN
Personal network, URGENT OPENINGS FOR CUSTOMER SUPPORT REPRESENTATIVE IN BANGA..., Bengaluru - Karnataka, Not Mention, NAN
Crypto Mize, iOS Developer, Delhi - Delhi, Not Mention, NAN
Anthesis Technologies, PHP/WORDPRESS DEVELOPER, Gujarat, Not Mention, NAN
Anthesis Technologies, ANDROID DEVELOPER, Gujarat, Not Mention, NAN
Techno tackle software solution, iOS Developer, Coimbatore - Tamil Nadu, Not Mention, NAN
Optimumbrew Technology, iOS Developer (0.6 to 1 yr) 4 post, Surat - Gujarat, ₹10 -000 - ₹15 -000 a month, 4.9
Personal network, Freshers Bpo Customer Service Voice Process, Bengaluru - Karnataka, Not Mention, NAN
Bloom Consulting Services, PHP Developer, Pune - Maharashtra, Not Mention, NAN
Placement Planet, iOS Developer, Ahmedabad - Gujarat, Not Mention, NAN
NAN, ECIL Recruitment for 28 Technical Officers 2019 - Engineerin..., India, Not Mention, NAN
Minda Silca, Field Sales Executives And Marketing Paper Collection Work, Saket - Delhi - Delhi, Not Mention, NAN
Bhatia Consultancy Services, Visa Filling Officer, Ludhiana - Punjab, Not Mention, NAN
Dewelopers, Android Developer, New Delhi - Delhi, Not Mention, NAN
Personal network, URGENT OPENINGS FOR CUSTOMER SUPPORT REPRESENTATIVE IN BANGA..., Bengaluru - Karnataka, Not Mention, NAN
Crypto Mize, iOS Developer, Delhi - Delhi, Not Mention, NAN
Anthesis Technologies, PHP/WORDPRESS DEVELOPER, Gujarat, Not Mention, NAN
Anthesis Technologies, ANDROID DEVELOPER, Gujarat, Not Mention, NAN
Techno tackle software solution, iOS Developer, Coimbatore - Tamil Nadu, Not Mention, NAN
Optimumbrew Technology, iOS Developer (0.6 to 1 yr) 4 post, Surat - Gujarat, ₹10 -000 - ₹15 -000 a month, 4.9
Personal network, Freshers Bpo Customer Service Voice Process, Bengaluru - Karnataka, Not Mention, NAN
Bloom Consulting Services, PHP Developer, Pune - Maharashtra, Not Mention, NAN
Placement Planet, iOS Developer, Ahmedabad - Gujarat, Not Mention, NAN
NAN, ECIL Recruitment for 28 Technical Officers 2019 - Engineerin..., India, Not Mention, NAN
Minda Silca, Field Sales Executives And Marketing Paper Collection Work, Saket - Delhi - Delhi, Not Mention, NAN
